{
  "accuracy": 0.9927892494264176,
  "macro_average": {
    "precision": 0.9931618979866972,
    "recall": 0.9924609891922417,
    "f1_score": 0.9927016255451698
  },
  "weighted_average": {
    "precision": 0.9929536162184789,
    "recall": 0.9927892494264176,
    "f1_score": 0.9927662237968509
  },
  "precision": 0.9929536162184789,
  "recall": 0.9927892494264176,
  "f1_score": 0.9927662237968509
}
