{
  "loss": [
    0.9893038868904114,
    0.47438931465148926,
    0.34307146072387695,
    0.2635236978530884,
    0.21773406863212585,
    0.17950811982154846,
    0.15243805944919586,
    0.1338602602481842,
    0.11668573319911957,
    0.10538117587566376,
    0.09369685500860214,
    0.08589313179254532,
    0.07841619849205017,
    0.07347456365823746,
    0.06807323545217514,
    0.06094206124544144,
    0.05792458355426788,
    0.051703356206417084,
    0.05278627574443817,
    0.04606570675969124,
    0.04614909365773201,
    0.04380319267511368,
    0.01928647980093956,
    0.014276322908699512,
    0.01268504187464714,
    0.012027144432067871,
    0.010734078474342823,
    0.010668120346963406,
    0.0082166763022542,
    0.007468702271580696,
    0.006876845378428698,
    0.00634972145780921,
    0.006112126167863607,
    0.006011313293129206,
    0.005860764998942614,
    0.0058063846081495285,
    0.005941204726696014,
    0.005172753240913153,
    0.005182988476008177,
    0.005414110608398914,
    0.004853104241192341
  ],
  "accuracy": [
    0.700141191482544,
    0.8491594195365906,
    0.8893814086914062,
    0.9152547717094421,
    0.9284705519676208,
    0.9402909278869629,
    0.9486636519432068,
    0.954278290271759,
    0.9599586129188538,
    0.964243471622467,
    0.9674612283706665,
    0.9703670740127563,
    0.9736341238021851,
    0.9751772880554199,
    0.9757847189903259,
    0.9791173934936523,
    0.9803650975227356,
    0.9820232391357422,
    0.9815307259559631,
    0.9840753674507141,
    0.9840753674507141,
    0.985027551651001,
    0.9936465620994568,
    0.9955345392227173,
    0.9961748123168945,
    0.996355414390564,
    0.9971434473991394,
    0.9964210391044617,
    0.9975210428237915,
    0.9980135560035706,
    0.9983254671096802,
    0.9984075427055359,
    0.9984567761421204,
    0.9985553026199341,
    0.9983747005462646,
    0.9986209869384766,
    0.9984896183013916,
    0.9989985823631287,
    0.9987522959709167,
    0.99876868724823,
    0.9988836646080017
  ],
  "val_loss": [
    2.1816351413726807,
    2.178518772125244,
    1.753784418106079,
    2.011375904083252,
    0.7510066628456116,
    0.5084908604621887,
    0.6724764704704285,
    0.8618391752243042,
    0.7014485597610474,
    1.0181108713150024,
    0.4655541181564331,
    0.5800176858901978,
    0.1811189204454422,
    0.24404792487621307,
    0.14976300299167633,
    0.17056405544281006,
    0.08199013769626617,
    0.1748487949371338,
    0.6183582544326782,
    0.1826116144657135,
    1.4294893741607666,
    0.6021342277526855,
    0.04222971200942993,
    0.04693809524178505,
    0.07580488175153732,
    0.11433617025613785,
    0.04924405738711357,
    0.18531949818134308,
    0.045113228261470795,
    0.04555113986134529,
    0.03853389620780945,
    0.04077785462141037,
    0.04895604029297829,
    0.0492115393280983,
    0.04792521148920059,
    0.05073602870106697,
    0.04299291968345642,
    0.04418167099356651,
    0.042336706072092056,
    0.04416735842823982,
    0.0403413325548172
  ],
  "val_accuracy": [
    0.4668767750263214,
    0.523865818977356,
    0.6058039665222168,
    0.6067888140678406,
    0.7897708415985107,
    0.8449215292930603,
    0.8145886659622192,
    0.8017202019691467,
    0.8013918995857239,
    0.7687610983848572,
    0.8653404116630554,
    0.8469568490982056,
    0.9423543810844421,
    0.9287636876106262,
    0.9499047994613647,
    0.9464250802993774,
    0.9714398384094238,
    0.9444553852081299,
    0.8634364008903503,
    0.9499704837799072,
    0.7560238838195801,
    0.8692141175270081,
    0.9868032336235046,
    0.9858840703964233,
    0.9769548773765564,
    0.9680913686752319,
    0.9860153794288635,
    0.9533188939094543,
    0.9872628450393677,
    0.9864749312400818,
    0.9887728691101074,
    0.9880506992340088,
    0.985949695110321,
    0.985621452331543,
    0.9869345426559448,
    0.9858183860778809,
    0.9875910878181458,
    0.987525463104248,
    0.9882476329803467,
    0.987525463104248,
    0.9883133172988892
  ],
  "lr": [
    0.0010000000474974513,
    0.0010000000474974513,
    0.0010000000474974513,
    0.0010000000474974513,
    0.0010000000474974513,
    0.0010000000474974513,
    0.0010000000474974513,
    0.0010000000474974513,
    0.0010000000474974513,
    0.0010000000474974513,
    0.0010000000474974513,
    0.0010000000474974513,
    0.0010000000474974513,
    0.0010000000474974513,
    0.0010000000474974513,
    0.0010000000474974513,
    0.0010000000474974513,
    0.0010000000474974513,
    0.0010000000474974513,
    0.0010000000474974513,
    0.0010000000474974513,
    0.0010000000474974513,
    0.00020000000949949026,
    0.00020000000949949026,
    0.00020000000949949026,
    0.00020000000949949026,
    0.00020000000949949026,
    0.00020000000949949026,
    4.0000002627493814e-05,
    4.0000002627493814e-05,
    4.0000002627493814e-05,
    4.0000002627493814e-05,
    4.0000002627493814e-05,
    4.0000002627493814e-05,
    4.0000002627493814e-05,
    4.0000002627493814e-05,
    8.000000889296643e-06,
    8.000000889296643e-06,
    8.000000889296643e-06,
    8.000000889296643e-06,
    8.000000889296643e-06
  ]
}
